epoch,train_loss,train_wing,train_bone,lr,epoch_seconds,val_pck,val_auc,val_mpjpe,val_n
1,27.765776,26.292564,736.605853,9.99755747e-05,531.48,,,,
2,21.633602,20.862951,385.325097,9.99023231e-05,509.39,,,,
3,19.915595,19.272010,321.792865,9.97803172e-05,731.28,,,,
4,18.924688,18.350167,287.260228,9.96096777e-05,746.82,,,,
5,18.274392,17.736937,268.727655,9.93905729e-05,680.50,0.912619,0.831021,21.8515,200
6,17.664724,17.165318,249.703200,9.91232189e-05,724.18,,,,
7,17.265604,16.795730,234.936897,9.88078797e-05,742.69,,,,
8,16.877779,16.427788,224.995316,9.84448665e-05,698.50,,,,
9,16.497490,16.067352,215.069071,9.80345374e-05,787.23,,,,
10,16.275417,15.864249,205.584131,9.75772976e-05,670.43,0.930238,0.850883,19.3242,200
11,16.008191,15.610479,198.856364,9.70735981e-05,513.82,,,,
12,15.759742,15.375348,192.197009,9.65239361e-05,543.91,,,,
13,15.500462,15.132267,184.097351,9.59288540e-05,548.26,,,,
14,15.371120,15.011660,179.730382,9.52889391e-05,824.04,,,,
15,15.096415,14.753029,171.693057,9.46048229e-05,827.52,0.930000,0.853578,18.9226,200
16,15.005458,14.666150,169.653739,9.38771807e-05,810.54,,,,
17,14.848115,14.515072,166.521765,9.31067303e-05,768.05,,,,
18,14.696116,14.372930,161.593351,9.22942323e-05,773.82,,,,
19,14.550715,14.236077,157.318722,9.14404884e-05,768.06,,,,
20,14.429414,14.118825,155.294246,9.05463412e-05,710.69,0.946905,0.870564,16.7502,200
21,14.313976,14.011201,151.387453,8.96126731e-05,745.64,,,,
22,14.145808,13.851942,146.933070,8.86404055e-05,777.83,,,,
23,14.032979,13.743943,144.518379,8.76304979e-05,729.53,,,,
24,13.951707,13.666454,142.626269,8.65839471e-05,679.81,,,,
25,13.837591,13.557009,140.291317,8.55017857e-05,674.60,0.946667,0.869411,16.8629,200
26,13.752867,13.481292,135.787583,8.43850817e-05,822.67,,,,
27,13.621788,13.350261,135.763922,8.32349373e-05,784.15,,,,
28,13.551503,13.286394,132.554315,8.20524875e-05,540.66,,,,
29,13.532316,13.268206,132.054834,8.08388992e-05,685.16,,,,
30,13.399034,13.143355,127.839149,7.95953700e-05,788.33,0.941190,0.868722,16.9025,200
31,13.314912,13.061178,126.866939,7.83231272e-05,762.95,,,,
32,13.248697,12.999080,124.808562,7.70234264e-05,698.25,,,,
33,13.192691,12.945093,123.798873,7.56975501e-05,697.55,,,,
34,13.103162,12.858305,122.428731,7.43468069e-05,695.51,,,,
35,13.004505,12.762700,120.902409,7.29725297e-05,699.01,0.945714,0.870858,16.6952,200
36,12.965731,12.726608,119.561525,7.15760749e-05,704.12,,,,
37,12.886686,12.652852,116.916974,7.01588206e-05,700.20,,,,
38,12.788760,12.558871,114.944758,6.87221654e-05,703.90,,,,
39,12.749039,12.519545,114.747207,6.72675271e-05,696.83,,,,
40,12.677673,12.452132,112.770573,6.57963412e-05,698.15,0.957381,0.881159,15.2637,200
41,12.689383,12.463208,113.087860,6.43100597e-05,700.19,,,,
42,12.589892,12.368214,110.838764,6.28101494e-05,699.81,,,,
43,12.507546,12.289616,108.964964,6.12980904e-05,743.90,,,,
44,12.446653,12.228508,109.072575,5.97753751e-05,695.99,,,,
45,12.412145,12.196403,107.871109,5.82435060e-05,696.20,0.957857,0.882563,15.1260,200
46,12.340939,12.127476,106.731965,5.67039951e-05,694.03,,,,
47,12.310269,12.098266,106.001519,5.51583615e-05,702.46,,,,
48,12.246696,12.035588,105.553762,5.36081307e-05,724.55,,,,
49,12.193366,11.987710,102.827953,5.20548326e-05,701.73,,,,
50,12.173063,11.966265,103.398916,5.05000000e-05,689.14,0.958571,0.880432,15.3723,200
51,12.130738,11.928040,101.349151,4.89451674e-05,702.14,,,,
52,12.072457,11.872317,100.069936,4.73918693e-05,710.75,,,,
53,12.023419,11.823020,100.199549,4.58416385e-05,712.04,,,,
54,11.982055,11.783909,99.072938,4.42960049e-05,688.28,,,,
55,11.927993,11.731087,98.453310,4.27564940e-05,693.75,0.955000,0.881786,15.2312,200
56,11.905963,11.711638,97.162653,4.12246249e-05,693.81,,,,
57,11.846950,11.654008,96.470745,3.97019096e-05,695.71,,,,
58,11.801528,11.609236,96.145698,3.81898506e-05,1093.71,,,,
59,11.741659,11.556067,92.795997,3.66899403e-05,1046.57,,,,
60,11.729426,11.543144,93.141120,3.52036588e-05,953.98,0.960238,0.884236,14.8986,200
61,11.676300,11.493141,91.579293,3.37324729e-05,964.47,,,,
62,11.666736,11.481536,92.600124,3.22778346e-05,1040.83,,,,
63,11.643980,11.458812,92.584035,3.08411794e-05,851.05,,,,
64,11.625685,11.440479,92.602875,2.94239251e-05,712.58,,,,
65,11.564125,11.380447,91.839089,2.80274703e-05,712.41,0.953571,0.882694,15.1089,200
66,11.541169,11.358103,91.532915,2.66531931e-05,721.72,,,,
67,11.492907,11.312479,90.213932,2.53024499e-05,779.33,,,,
68,11.469789,11.289075,90.356786,2.39765736e-05,784.68,,,,
69,11.440930,11.260303,90.313286,2.26768728e-05,976.60,,,,
70,11.416681,11.240122,88.279944,2.14046300e-05,2529.37,0.953095,0.882751,14.9899,200
71,11.381652,11.203851,88.900028,2.01611008e-05,2714.76,,,,
72,11.351434,11.176769,87.332368,1.89475125e-05,858.97,,,,
73,11.330656,11.158029,86.313135,1.77650627e-05,796.74,,,,
74,11.349937,11.173818,88.059939,1.66149183e-05,783.36,,,,
75,11.296191,11.123543,86.324172,1.54982143e-05,846.42,0.957143,0.886090,14.6356,200
76,11.243367,11.072245,85.561493,1.44160529e-05,821.68,,,,
77,11.273885,11.101092,86.396624,1.33695021e-05,996.65,,,,
78,11.235992,11.064708,85.642123,1.23595945e-05,871.57,,,,
79,11.233589,11.060645,86.472240,1.13873269e-05,809.14,,,,
80,11.209402,11.039061,85.170339,1.04536588e-05,878.54,0.958333,0.886704,14.5023,200
81,11.166675,10.998963,83.856400,9.55951157e-06,924.71,,,,
82,11.175630,11.006850,84.390001,8.70576769e-06,857.96,,,,
83,11.166991,10.996722,85.134510,7.89326966e-06,874.41,,,,
84,11.170130,11.001227,84.451216,7.12281934e-06,863.19,,,,
85,11.147456,10.979032,84.211922,6.39517705e-06,871.46,0.959286,0.888421,14.2689,200
86,11.121599,10.955073,83.262919,5.71106090e-06,796.51,,,,
87,11.109177,10.942959,83.108586,5.07114603e-06,1274.75,,,,
88,11.081145,10.917277,81.934236,4.47606395e-06,1226.89,,,,
89,11.101229,10.934393,83.418168,3.92640194e-06,1210.63,,,,
90,11.095649,10.928055,83.797073,3.42270244e-06,1210.98,0.961667,0.888835,14.2548,200
91,11.089726,10.922615,83.555350,2.96546256e-06,2639.19,,,,
92,11.061755,10.896210,82.772700,2.55513352e-06,883.89,,,,
93,11.057653,10.892781,82.436392,2.19212028e-06,864.87,,,,
94,11.076182,10.908013,84.084720,1.87678109e-06,852.49,,,,
95,11.037866,10.872577,82.644357,1.60942714e-06,4351.96,0.957381,0.887719,14.4013,200
96,11.049339,10.884435,82.451977,1.39032228e-06,742.42,,,,
97,11.039316,10.874957,82.179382,1.21968275e-06,727.66,,,,
98,11.052794,10.885396,83.698725,1.09767694e-06,689.35,,,,
99,11.065674,10.900664,82.504982,1.02442526e-06,736.57,,,,
100,11.054853,10.887563,83.644795,1.00000000e-06,777.21,0.958810,0.887901,14.3463,200
